kai,year,mon,day,hour,minute,Tem,Sal,DO,Chl.a
HIU,2002,2,19,9,31,10.55,33.65,8.4,3.7
HIU,2002,2,19,10,39,9.75,33.37,8.9,3.8
HIU,2002,2,19,11,50,9.42,33.4,9.1,3
HIU,2002,2,19,14,34,10.91,33.64,8.3,3
HIU,2002,2,20,9,51,10.39,33.64,8.5,0.9
HIU,2002,2,20,10,58,10.24,33.42,8.8,0.1
HIU,2002,2,20,11,0,9.82,33.48,9.4,1
HIU,2002,2,20,12,42,10.2,33.6,8.8,0.8
HIU,2002,2,20,13,21,10.2,33.41,8.9,0.1
HIU,2002,2,20,14,7,9.63,33.18,9.1,0.1
HIU,2002,2,20,14,42,10.52,33.58,8.7,0.9
HIU,2002,2,20,15,12,9.44,33.13,9.1,0.1
HIU,2002,5,27,13,29,19.84,31.96,8.2,0.1
HIU,2002,5,27,14,16,21.9,32.01,8.3,0.1
HIU,2002,5,27,15,29,21.4,32.05,8.1,0.1
HIU,2002,5,28,9,26,21.25,32.37,8.1,1.4
HIU,2002,5,28,10,32,21.05,32.49,7.8,2.9
HIU,2002,5,28,11,40,22.25,32.24,8.2,2.6
HIU,2002,5,28,12,49,20.63,32.4,8,1.3
HIU,2002,5,29,8,55,17.64,33.0,7.8,2.1
HIU,2002,5,29,10,2,20.31,32.51,8,1.2
HIU,2002,5,29,11,9,19.57,32.6,8.1,2.3
HIU,2002,5,29,13,7,18.8,32.78,7.7,1.4
HIU,2002,8,26,10,25,27.23,32.4,6.8,0.1
HIU,2002,8,26,11,31,27.5,32.43,6.8,0.1
HIU,2002,8,26,13,16,28.75,32.21,7.6,0.1
HIU,2002,8,26,14,23,28.07,32.37,7.3,0.1
HIU,2002,8,27,9,24,27.68,32.33,7.1,4.8
HIU,2002,8,27,11,37,28.41,32.4,7.3,1
HIU,2002,8,27,12,44,28.21,32.64,7,1.1
HIU,2002,8,28,8,56,26.72,32.65,6.2,5.2
HIU,2002,8,28,10,5,27.39,32.63,6.5,1.8
HIU,2002,8,28,11,9,27.82,32.67,6.9,2
HIU,2002,8,28,13,4,27.33,32.68,7.1,3.5
HIU,2002,10,22,9,8,22.96,32.95,10,3.1
HIU,2002,10,22,10,19,23.0,32.87,6.2,1.4
HIU,2002,10,22,10,54,22.96,32.91,7.2,0.1
HIU,2002,10,22,11,33,23.2,32.89,5.8,1.3
HIU,2002,10,22,12,46,23.24,32.9,5.8,1.1
HIU,2002,10,22,13,28,23.36,32.86,7,0.1
HIU,2002,10,22,14,10,23.43,32.85,7,0.1
HIU,2002,10,22,15,16,23.38,32.79,7.1,0.1
HIU,2002,10,23,8,54,23.4,33.1,6,1.2
HIU,2002,10,23,10,0,23.01,32.98,6,1.7
HIU,2002,10,23,11,15,22.84,32.98,6,2.3
HIU,2002,10,23,13,11,23.24,33.07,5.9,1.8
HIU,2008,10,20,10,46,23.64,32.5,7.2,2.2
HIU,2008,10,20,13,27,23.95,32.6,7.1,0.7
HIU,2008,10,20,14,15,23.81,32.4,7.4,1.2
HIU,2008,10,20,15,29,24.27,32.5,7.1,0.8
HIU,2008,10,22,11,10,23.60,33.0,6.3,0.9
HIU,2008,10,22,11,56,23.47,33.0,6.3,0.8
HIU,2008,10,22,13,35,23.45,33.0,6.4,0.8
HIU,2008,10,23,9,16,23.23,32.6,6.9,0.7
HIU,2008,10,23,10,24,23.30,32.7,7.0,0.8
HIU,2008,10,23,11,36,23.35,32.6,6.7,0.7
HIU,2008,10,23,12,44,23.55,32.9,6.7,0.7
HIU,2008,10,23,13,54,23.28,32.9,7.1,0.9
HIU,2008,2,27,11,4,10.69,33.7,9.3,1.3
HIU,2008,2,27,11,47,10.28,33.7,9.3,1.7
HIU,2008,2,28,8,48,10.26,33.7,9.2,2.1
HIU,2008,2,28,9,48,9.85,33.6,9.4,3.8
HIU,2008,2,28,10,48,9.08,33.5,9.7,1.0
HIU,2008,2,28,11,45,9.97,33.7,9.4,2.0
HIU,2008,2,28,12,44,10.36,33.6,9.2,1.3
HIU,2008,2,28,13,48,10.19,33.7,9.5,1.1
HIU,2008,3,11,10,55,10.45,33.4,9.9,0.4
HIU,2008,3,11,13,28,10.59,33.5,10.2,0.5
HIU,2008,3,11,14,17,10.31,33.1,10.5,1.1
HIU,2008,3,11,15,30,10.29,33.1,10.6,0.9
HIU,2008,5,23,10,46,18.38,33.1,8.1,0.2
HIU,2008,5,23,13,27,18.05,33.1,8.3,1.1
HIU,2008,5,23,14,18,18.33,33.3,8.3,1.0
HIU,2008,5,23,15,31,18.07,33.0,8.7,0.9
HIU,2008,5,28,11,57,18.79,33.0,8.9,1.4
HIU,2008,5,28,12,58,19.80,33.0,8.5,1.1
HIU,2008,5,28,13,57,17.63,33.3,8.3,0.5
HIU,2008,5,29,9,35,18.08,33.3,7.9,0.9
HIU,2008,5,29,11,16,18.61,33.1,8.0,1.2
HIU,2008,5,29,11,57,19.48,33.1,7.9,0.5
HIU,2008,5,29,12,59,19.71,33.0,8.3,1.0
HIU,2008,8,20,10,48,26.06,33.1,7.0,1.1
HIU,2008,8,20,10,54,24.42,33.2,6.3,1.3
HIU,2008,8,20,11,37,25.18,33.1,6.9,2.4
HIU,2008,8,20,13,19,25.92,33.1,7.1,1.1
HIU,2008,8,20,13,26,27.41,33.0,7.0,0.9
HIU,2008,8,20,14,15,28.33,32.9,7.2,2.9
HIU,2008,8,20,15,28,29.21,32.9,7.2,1.9
HIU,2008,8,21,9,16,25.26,33.1,6.5,4.3
HIU,2008,8,21,10,14,27.03,33.1,6.7,1.5
HIU,2008,8,21,11,14,28.37,33.0,7.3,3.0
HIU,2008,8,21,12,17,26.57,33.1,6.8,0.6
HIU,2008,8,21,13,20,25.76,33.1,6.9,1.4
HIU,2009,10,21,10,34,22.58,32.65,8.7,1.4
HIU,2009,10,21,11,7,22.79,32.94,6.4,1.1
HIU,2009,10,21,11,48,22.83,32.76,6.9,1.5
HIU,2009,10,21,13,25,22.7,32.6,6.9,0.8
HIU,2009,10,21,13,29,22.57,32.46,8.6,0.3
HIU,2009,10,21,14,19,22.94,32.4,8.6,0.5
HIU,2009,10,21,15,31,22.89,32.41,8.7,0.9
HIU,2009,10,22,9,8,21.65,32.26,7.3,2
HIU,2009,10,22,10,13,22.54,32.49,6.7,1.1
HIU,2009,10,22,11,18,22.62,32.46,6.8,1
HIU,2009,10,22,12,25,22.55,32.64,6.9,0.8
HIU,2009,10,22,13,35,22.65,32.84,7.3,1.9
HIU,2009,3,4,11,19,11.33,33.48,8.7,0.9
HIU,2009,3,4,12,1,11.24,33.47,8.7,0.9
HIU,2009,3,4,13,37,10.87,33.48,8.9,1.5
HIU,2009,3,4,14,18,11.32,33.49,8.8,1.1
HIU,2009,3,5,9,5,11.15,33.24,9.4,1
HIU,2009,3,5,10,5,11.02,32.86,9.7,1.2
HIU,2009,3,5,11,5,10.88,33.22,9.6,1.5
HIU,2009,3,5,12,3,11.13,33.49,9,0.8
HIU,2009,5,25,10,53,18.51,33.09,7.7,0.2
HIU,2009,5,25,13,26,18.79,33.15,7.6,0.4
HIU,2009,5,25,14,15,19.71,33.19,7.5,0.3
HIU,2009,5,25,15,25,19.41,33.08,7.5,0.9
HIU,2009,5,27,12,16,19.03,33.48,7.9,0.3
HIU,2009,5,27,13,14,18.63,33.37,8.8,3.8
HIU,2009,5,27,14,14,20.29,33.39,8.5,1.3
HIU,2009,5,27,15,10,19.1,33.42,7.9,0.4
HIU,2009,5,28,9,18,16.88,33.58,8,0.9
HIU,2009,5,28,10,2,17.52,33.52,8,1
HIU,2009,5,28,10,42,18.79,33.54,7.9,0.4
HIU,2009,8,26,10,59,26.38,32.16,6.5,1.1
HIU,2009,8,26,11,41,26.62,32.2,6.7,0.7
HIU,2009,8,26,13,22,27.24,32.08,6.6,0.3
HIU,2009,8,27,9,15,26.46,32.09,6.9,1
HIU,2009,8,27,10,14,27.07,32.14,6.6,0.6
HIU,2009,8,27,11,14,27.92,31.77,6.9,1
HIU,2009,8,27,12,13,27.54,32.05,6.8,0.2
HIU,2009,8,27,13,13,26.7,32.22,6.9,0.7
HIU,2009,9,7,10,53,27.09,32.15,8.7,0.3
HIU,2009,9,7,13,55,27.45,32.15,9.3,0.3
HIU,2009,9,7,14,44,28.34,32,6.9,1.2
HIU,2009,9,7,15,58,27.48,32.04,6.6,0.4
HIU,2010,11,10,10,56,20.69,32.65,6.9,1.1
HIU,2010,11,10,11,38,20.2,32.56,7,1.4
HIU,2010,11,10,13,19,20.34,32.62,7.1,1.7
HIU,2010,11,11,9,10,19.55,32.61,7,1.4
HIU,2010,11,11,10,17,19.06,32.24,7.3,1.9
HIU,2010,11,11,11,30,19.16,32.33,7.3,2.1
HIU,2010,11,11,12,40,19.17,32.31,7.6,2.2
HIU,2010,11,11,13,52,19.97,32.55,7.1,1.5
HIU,2010,11,12,10,53,19.49,32.36,11.8,3.4
HIU,2010,11,12,12,11,19.06,32.23,12.2,2.4
HIU,2010,11,12,13,5,19.41,32.36,12.1,2
HIU,2010,11,12,14,34,18.61,32.09,10.2,3.2
HIU,2010,2,15,10,41,10.65,33.26,11.2,1.4
HIU,2010,2,15,13,8,10.74,33.32,11.9,2.4
HIU,2010,2,15,13,57,10.33,33.3,11.4,1.5
HIU,2010,2,15,15,11,10.03,33.07,11.5,0.3
HIU,2010,3,24,11,8,11.28,33.62,8.7,0.8
HIU,2010,3,24,11,51,10.99,33.55,9.1,0.8
HIU,2010,3,24,13,37,10.67,33.56,9,0.5
HIU,2010,3,25,9,9,11.02,33.48,9.6,1.3
HIU,2010,3,25,10,5,11.21,33.35,9.2,1.8
HIU,2010,3,25,11,2,10.95,33.41,9.5,2.2
HIU,2010,3,25,11,59,11.17,33.61,9.2,0.7
HIU,2010,3,25,12,54,10.88,33.54,9.2,1.1
HIU,2010,5,17,10,44,16.37,32.51,12.3,0.4
HIU,2010,5,17,13,9,16.15,32.56,12.2,2.1
HIU,2010,5,17,14,0,17.54,32.18,12.9,2.4
HIU,2010,5,17,15,13,17.91,32.26,12.5,1.6
HIU,2010,8,25,10,59,24.91,32.4,6.8,2.1
HIU,2010,8,25,11,41,27.03,32.17,7,1
HIU,2010,8,25,13,26,28.65,32.04,7.1,0.5
HIU,2010,8,26,9,14,28.62,32.02,6.6,0.4
HIU,2010,8,26,10,14,29.14,32.05,6.5,0.6
HIU,2010,8,26,11,21,30.47,31.91,6.8,0.7
HIU,2010,8,26,12,23,30.08,32,6.7,0.5
HIU,2010,8,26,13,23,28.67,32.01,7.3,0.4
HIU,2010,9,2,10,46,29.14,31.88,6.6,0.6
HIU,2010,9,2,11,56,28.45,31.82,7.7,1.5
HIU,2010,9,2,13,43,29.66,31.72,7.8,1.6
HIU,2010,9,2,14,52,29.6,31.73,7.7,0.6
HIU,2011,03,21,10,38,9.4,33.36,11.5,2.3
HIU,2011,03,21,11,52,9.54,33.4,11.4,1
HIU,2011,03,21,13,48,9.6,33.18,12,1.8
HIU,2011,03,21,15,1,8.92,33.16,11.6,2.6
HIU,2011,05,24,10,47,17.29,33.16,10.3,0.6
HIU,2011,05,24,13,3,16.87,33.27,10.5,0.5
HIU,2011,05,24,13,54,15.89,33.23,10.4,0.8
HIU,2011,05,24,15,10,15.86,33.41,10.2,0.5
HIU,2011,05,25,11,5,16.22,33.57,10.7,1
HIU,2011,05,25,11,52,16.82,33.44,10.9,0.8
HIU,2011,05,25,13,36,17.9,33.25,11.1,0.9
HIU,2011,05,25,14,40,17.7,33.3,11.3,0.6
HIU,2011,05,26,9,4,17.32,33.54,10,0.9
HIU,2011,05,26,10,8,17.52,33.2,10.1,2
HIU,2011,05,26,11,11,17.05,33.4,10,1.3
HIU,2011,05,26,12,11,17.57,33.24,9.9,0.8
HIU,2011,08,24,11,36,26.66,31.91,7.2,2.6
HIU,2011,08,24,12,23,27.22,31.89,8,1.6
HIU,2011,08,24,14,5,27.8,31.8,7.7,0.7
HIU,2011,08,25,9,17,27.42,31.66,8,1.3
HIU,2011,08,25,10,23,27.63,31.56,8.1,1.3
HIU,2011,08,25,12,8,28.08,31.39,8.2,1.1
HIU,2011,08,25,12,55,28.03,31.81,7.8,0.8
HIU,2011,08,25,13,58,27.05,31.91,7.8,2
HIU,2011,08,29,10,36,27.99,31.88,8.4,0.6
HIU,2011,08,29,11,50,28.43,31.75,8.2,0.7
HIU,2011,08,29,13,45,29.58,31.53,8.2,0.9
HIU,2011,08,29,14,59,29.92,31.41,8.3,0.5
HIU,2011,10,25,11,28,23.3,31.57,6.6,0.8
HIU,2011,10,25,12,20,22.94,30.92,6.7,1
HIU,2011,10,25,14,9,22.96,30.96,6.8,1.8
HIU,2011,10,26,8,43,22.42,31.12,7.2,4.5
HIU,2011,10,26,9,54,22.42,30.61,7.1,5.5
HIU,2011,10,26,11,2,22.62,30.75,6.7,1.9
HIU,2011,10,26,11,55,22.39,30.78,7.2,2
HIU,2011,10,26,12,49,22.3,30.65,7.1,2
HIU,2012,2,22,10,55,10.43,33.02,8.4,1.1
HIU,2012,2,22,11,40,9.99,32.89,8.6,1.4
HIU,2012,2,22,13,24,9.77,32.87,9.1,2.7
HIU,2012,2,23,8,57,10.18,32.94,8.8,4.4
HIU,2012,2,23,9,55,9.33,32.53,9.6,4.9
HIU,2012,2,23,11,41,9.04,32.59,9.6,2
HIU,2012,2,23,12,27,9.3,32.56,9.7,2.3
HIU,2012,2,23,13,32,9.85,32.72,8.8,1.5
HIU,2012,2,24,10,5,8.72,32.51,9.6,0.5
HIU,2012,2,24,11,12,9.59,32.85,9,1.7
HIU,2012,2,24,11,48,9.65,32.87,8.9,1
HIU,2012,2,24,14,14,9.04,32.3,9.6,0.5
HIU,2012,5,23,10,55,17.75,32.56,9.1,1.2
HIU,2012,5,23,10,56,15.62,32.93,8.4,0.8
HIU,2012,5,23,11,40,16.99,32.69,8.6,0.5
HIU,2012,5,23,13,10,17.86,32.6,9.1,1
HIU,2012,5,23,13,29,17.99,32.78,8.4,0.1
HIU,2012,5,23,13,55,19.14,32.57,9,0.5
HIU,2012,5,23,15,0,18.42,32.5,9.5,0.1
HIU,2012,5,24,8,45,18.08,32.45,8.6,0.8
HIU,2012,5,24,9,46,17.71,32.5,8.4,0.5
HIU,2012,5,24,11,32,18.49,32.1,8.5,1
HIU,2012,5,24,12,16,18.8,32.57,8.5,0.2
HIU,2012,5,24,13,25,17.36,32.57,8.6,0.1
HIU,2012,8,20,10,26,28.79,31.54,7.7,0.5
HIU,2012,8,20,11,38,29.13,31.59,7.6,0.9
HIU,2012,8,20,13,45,29.06,31.32,7.6,0.7
HIU,2012,8,20,14,57,29.23,31.2,8,2.1
HIU,2012,8,22,10,58,26.08,31.87,6.7,1.8
HIU,2012,8,22,11,51,27.84,31.65,6.5,2.2
HIU,2012,8,22,13,40,28.41,31.63,6.4,1.1
HIU,2012,8,23,8,43,28.15,31.5,6.5,1.6
HIU,2012,8,23,9,47,28.33,31.4,6.4,2.2
HIU,2012,8,23,11,37,28.49,31.45,6.4,0.6
HIU,2012,8,23,12,21,28.11,31.51,6.5,1.5
HIU,2012,8,23,13,24,27.71,31.48,6.5,2.4
HIU,2012,10,19,10,24,23.53,31.47,6.1,3.4
HIU,2012,10,19,11,28,23.64,31.44,6.2,2.2
HIU,2012,10,19,13,35,23.83,31.52,6.2,1.9
HIU,2012,10,19,14,38,23.87,31.38,6.2,1.7
HIU,2012,10,24,11,33,23.42,32.11,6.9,0.9
HIU,2012,10,24,12,22,23.3,31.89,6.9,0.8
HIU,2012,10,24,14,13,23.17,31.68,7,1.2
HIU,2012,10,25,9,39,22.44,31.78,7.1,1.7
HIU,2012,10,25,10,49,22.67,31.54,7,0.8
HIU,2012,10,25,12,38,22.84,31.59,7,2.4
HIU,2012,10,25,13,28,22.86,31.66,7,1.4
HIU,2012,10,25,14,36,23.18,31.81,7,0.2
HIU,2016,2,22,10,13,9.9,32.51,8.77,1.8
HIU,2016,2,22,11,20,10.37,32.67,8.93,3.4
HIU,2016,2,22,13,39,9.82,32.33,8.88,2.7
HIU,2016,2,22,14,40,9.72,32.19,9.06,2.2
HIU,2016,2,24,11,10,10.62,32.79,9.26,2.2
HIU,2016,2,24,11,53,10.58,32.78,9.64,1.9
HIU,2016,2,24,13,40,10.87,32.84,9.1,1.7
HIU,2016,2,24,14,23,11.32,32.99,8.78,1.1
HIU,2016,2,25,8,37,10.18,32.36,9.57,4.4
HIU,2016,2,25,9,35,10.17,32.56,9.43,1.7
HIU,2016,2,25,11,13,9.84,32.32,9.45,1.1
HIU,2016,2,25,11,55,10.44,32.73,9.66,1.6
HIU,2016,5,24,10,8,20.16,32.25,8.33,0.1
HIU,2016,5,24,11,14,20.6,32.41,8.23,0.1
HIU,2016,5,24,13,38,20.81,32.27,8.37,0.2
HIU,2016,5,25,10,30,16.89,32.9,8.5,0.8
HIU,2016,5,25,11,17,18.01,32.72,8.59,0.6
HIU,2016,5,25,13,0,19.6,32.55,8.43,0.5
HIU,2016,5,26,8,33,20.49,32.43,8.28,0.4
HIU,2016,5,26,9,35,20.06,32.46,8.36,1.2
HIU,2016,5,26,11,12,20.31,32.41,8.52,0.6
HIU,2016,5,26,11,58,20.81,32.36,8.61,0.4
HIU,2016,5,26,13,0,18.82,32.55,8.64,1
HIU,2016,8,24,10,15,28.3,31.69,6.83,0.2
HIU,2016,8,24,10,45,27.77,31.84,6.84,0.9
HIU,2016,8,24,11,19,28.92,31.69,6.75,0.1
HIU,2016,8,24,11,35,27.84,31.86,6.96,0.7
HIU,2016,8,24,13,20,28.8,31.73,6.88,0.7
HIU,2016,8,24,13,37,28.19,31.63,7.43,0.3
HIU,2016,8,24,14,39,27.95,31.67,7.32,0.2
HIU,2016,8,25,8,30,28.38,31.76,6.87,0.4
HIU,2016,8,25,9,38,27.53,31.83,6.52,1.6
HIU,2016,8,25,11,23,28.92,31.59,7.03,1.2
HIU,2016,8,25,12,5,28.95,31.79,6.99,1
HIU,2016,8,25,13,12,28.61,31.82,7.32,0.8
HIU,2016,10,26,10,20,23.01,30.96,6.47,0.4
HIU,2016,10,26,10,57,23.16,31.21,6.95,0.6
HIU,2016,10,26,11,24,23,30.91,6.62,0.6
HIU,2016,10,26,11,50,22.75,30.7,6.9,0.5
HIU,2016,10,26,13,39,23.29,30.68,6.84,2.2
HIU,2016,10,26,13,40,22.73,30.62,6.92,0.5
HIU,2016,10,26,14,25,23.15,30.82,6.89,0.6
HIU,2016,10,26,14,38,23.17,30.83,6.65,0.8
HIU,2016,10,26,15,42,23.13,30.81,6.85,1.2
HIU,2016,10,27,9,45,22.9,30.79,6.72,1.2
HIU,2016,10,27,11,40,22.96,30.82,6.59,0.5
HIU,2016,10,27,12,28,22.84,30.95,6.71,1.3
HIU,2018,2,14,10,8,8.64,33.08,9.46,2
HIU,2018,2,14,11,8,8.96,33.14,9.34,1.9
HIU,2018,2,14,13,29,9.11,33.16,9.23,1
HIU,2018,2,14,14,30,8.16,32.99,9.05,0.6
HIU,2018,2,19,10,28,9.93,33.25,9.53,2.3
HIU,2018,2,19,11,12,9.66,33.19,9.99,2.9
HIU,2018,2,19,12,54,9.56,33.19,10.21,2
HIU,2018,2,19,13,40,9.25,33.18,9.95,1.2
HIU,2018,2,20,8,42,9.74,33.27,9.89,2.6
HIU,2018,2,20,9,44,8.64,33.04,10.3,4.1
HIU,2018,2,20,11,25,7.86,32.9,9.71,0.5
HIU,2018,2,20,12,5,9.18,33.18,9.92,0.2
HIU,2018,5,16,10,26,15.23,33.03,8.5,0.6
HIU,2018,5,16,11,10,16.47,32.77,8.6,0.5
HIU,2018,5,16,12,56,17.31,32.55,8.45,0.2
HIU,2018,5,16,13,39,17.55,32.35,8.6,0.4
HIU,2018,5,17,8,46,18.87,31.38,9.76,2.4
HIU,2018,5,17,9,50,19.39,32.2,8.72,0.5
HIU,2018,5,17,11,30,19.48,32.14,8.9,0.5
HIU,2018,5,17,12,11,18.2,32.49,8.37,0.5
HIU,2018,5,24,10,4,16.98,32.65,8.62,0.8
HIU,2018,5,24,11,4,18.46,32.4,8.04,0.4
HIU,2018,5,24,13,28,19.56,32.18,8.32,0.6
HIU,2018,5,24,14,30,18.1,32.22,9.22,1.7
HIU,2018,8,27,10,6,28.36,30.93,6.88,0.4
HIU,2018,8,27,11,7,28.78,31.03,6.66,0.2
HIU,2018,8,27,13,28,28.65,30.94,7.56,0.2
HIU,2018,8,27,14,28,29.24,30.77,7.33,0.1
HIU,2000,10,16,10,50,23.77,31.6,6.8,0.7
HIU,2000,10,16,13,21,24.07,31.82,7.2,0.5
HIU,2000,10,16,14,2,24.19,31.72,7.3,1.1
HIU,2000,10,16,15,11,24.13,31.78,7.2,0.5
HIU,2000,10,24,9,30,22.34,32.86,6.4,5.4
HIU,2000,10,24,10,45,22.59,32.63,7,6
HIU,2000,10,24,12,0,22.95,32.87,6.7,2.7
HIU,2000,10,24,13,10,22.84,32.87,6.5,1.8
HIU,2000,10,25,8,55,22.75,33.18,6.3,1.7
HIU,2000,10,25,10,0,22.83,33,6.9,3.3
HIU,2000,10,25,11,20,22.72,32.97,6.7,0.8
HIU,2000,10,25,13,0,22.88,33.11,6.5,2.2
HIU,2000,5,17,10,47,17.18,32.77,8.2,0.7
HIU,2000,5,17,13,22,17.47,32.79,8.2,0.5
HIU,2000,5,17,14,9,17.94,32.74,8.2,2.7
HIU,2000,5,17,15,13,18.92,32.63,7.9,0.5
HIU,2000,5,23,9,30,16.1,33,8,1
HIU,2000,5,23,10,30,18,33,8.8,1.2
HIU,2000,5,23,11,40,18.2,32.9,9,0.6
HIU,2000,5,23,12,45,17.9,33,8.2,0.2
HIU,2000,5,24,8,55,15.9,33.2,9,1.8
HIU,2000,5,24,10,5,18.6,33,7.9,0.4
HIU,2000,5,24,11,15,18.3,33,7.9,0.5
HIU,2000,5,24,13,10,16.7,33.1,8.1,0.9
HIU,2000,8,22,9,30,28.92,32.78,7.2,1
HIU,2000,8,22,10,40,29.5,32.54,8.1,2.2
HIU,2000,8,22,11,55,27.82,32.63,8.1,1.6
HIU,2000,8,22,13,5,28.03,32.71,6.8,7.4
HIU,2000,8,23,8,55,27.17,32.82,7.1,3.8
HIU,2000,8,23,10,10,28.01,32.79,7.2,1.4
HIU,2000,8,23,10,49,28.26,32.74,6.4,0.1
HIU,2000,8,23,11,20,27.9,32.73,6.8,1.5
HIU,2000,8,23,13,15,28.21,32.91,7.1,0.9
HIU,2000,8,23,13,21,28.95,32.78,6.9,0.2
HIU,2000,8,23,14,6,29.24,32.76,6.9,0.3
HIU,2000,8,23,15,10,29.2,32.64,7.2,0.1
HIU,2001,10,22,10,38,22.45,30.43,6.3,0.2
HIU,2001,10,22,13,18,22.2,30.55,6.6,0.2
HIU,2001,10,22,14,7,22.19,30.35,6.6,0.1
HIU,2001,10,22,15,18,22.4,30.43,6.7,0.2
HIU,2001,10,23,9,29,21.93,32.29,6.3,1.9
HIU,2001,10,23,10,37,22.08,31.79,6.4,2
HIU,2001,10,23,11,47,22.09,32.12,6.9,1.5
HIU,2001,10,23,13,8,22.05,32.39,7.2,1.7
HIU,2001,10,24,8,57,22.42,32.72,6.1,1.1
HIU,2001,10,24,10,9,22.41,32.69,6.3,1
HIU,2001,10,24,11,22,21.92,32.37,6.7,1.1
HIU,2001,10,24,13,10,22.2,32.5,6.7,1.7
HIU,2001,2,20,9,25,10.51,33.52,8.4,2.8
HIU,2001,2,20,10,35,10.13,33.21,8.8,2.1
HIU,2001,2,20,11,45,9.83,33.15,8.9,0.8
HIU,2001,2,20,12,55,9.81,33.21,9.2,1
HIU,2001,2,21,8,50,10.77,33.56,8.4,1.2
HIU,2001,2,21,10,0,10.1,33.45,8.8,3.6
HIU,2001,2,21,11,10,10.21,33.48,8.9,2.9
HIU,2001,2,21,13,5,10.62,33.51,8.6,1.7
HIU,2001,5,23,10,50,17.63,32.94,7.9,0.1
HIU,2001,5,23,13,19,18.27,32.82,7.7,0.1
HIU,2001,5,23,14,4,18.36,32.3,7.9,0.1
HIU,2001,5,23,15,9,17.14,32.88,8.1,0.1
HIU,2001,5,29,9,33,18.12,33.14,8.1,1.3
HIU,2001,5,29,10,43,19.71,32.93,8.9,1.6
HIU,2001,5,29,11,53,19.42,33.07,7.9,1
HIU,2001,5,29,13,0,18.89,33.43,8.2,0.7
HIU,2001,5,30,8,58,16.81,33.53,8,1.1
HIU,2001,5,30,10,16,17.59,33.51,8.2,1.1
HIU,2001,5,30,11,25,18.49,33.35,8,0.9
HIU,2001,5,30,13,10,18.16,33.42,8.1,0.9
HIU,2001,8,27,11,11,26.74,32.96,7.1,0.1
HIU,2001,8,27,13,26,26.6,32.93,7,0.1
HIU,2001,8,27,14,13,27.51,31.09,8.2,0.1
HIU,2001,8,27,15,30,26.9,30.11,9.9,0.1
HIU,2003,10,21,9,25,21.79,31.4,8,2.4
HIU,2003,10,21,10,40,22.2,31.7,6.8,2.5
HIU,2003,10,21,11,58,22.33,31.79,6.5,1.8
HIU,2003,10,21,13,11,22.28,31.64,7.2,1.5
HIU,2003,10,22,8,57,22.54,32.27,6.4,1
HIU,2003,10,22,10,14,22.2,31.91,7,2
HIU,2003,10,22,11,34,22.2,31.89,7,3.2
HIU,2003,10,22,13,33,22.48,31.9,7.4,1.5
HIU,2003,2,25,9,35,10.19,33.58,9.1,2.5
HIU,2003,2,25,10,47,10.07,33.63,9.1,3.8
HIU,2003,2,25,12,0,10.03,33.53,9.6,2.6
HIU,2003,2,25,13,12,9.95,33.86,8.8,1.1
HIU,2003,2,26,8,59,10.39,33.95,8.6,0.8
HIU,2003,2,26,10,13,10.3,33.93,8.7,1.3
HIU,2003,2,26,11,25,10.1,33.88,8.8,1.5
HIU,2003,2,26,13,17,10.38,33.93,8.6,1.2
HIU,2003,5,21,9,25,17.4,32.46,9,1.4
HIU,2003,5,21,10,28,17.53,32.81,8.5,1.3
HIU,2003,5,21,11,37,19.12,32.56,8.8,0.8
HIU,2003,5,21,12,46,17.36,32.29,8.9,2
HIU,2003,5,22,8,58,15.51,33.2,7.8,1
HIU,2003,5,22,10,14,17.87,32.86,7.7,0.2
HIU,2003,5,22,11,20,18.2,32.52,8.3,0.6
HIU,2003,5,22,13,13,17.03,32.88,7.8,0.3
HIU,2003,8,26,9,29,28.49,31.17,7.9,0.6
HIU,2003,8,26,10,38,29.02,31.05,7.7,0.9
HIU,2003,8,26,11,51,29.21,31.04,8.2,2
HIU,2003,8,26,12,59,28.33,31.1,8.3,0.8
HIU,2003,8,27,8,56,24.78,31.91,6.2,0.8
HIU,2003,8,27,10,2,26.61,31.54,7,0.6
HIU,2003,8,27,11,12,27.66,31.32,7.6,0.4
HIU,2003,8,27,13,16,26.53,31.6,7.1,0.6
HIU,2004,2,24,10,33,10.68,33.24,8.9,4.7
HIU,2004,2,24,11,39,9.52,33.08,8.9,0.9
HIU,2004,2,24,12,47,10.91,33.42,8.9,0.5
HIU,2004,2,25,10,8,11.29,33.53,8.6,1.2
HIU,2004,2,25,11,13,10.87,33.42,9,1.2
HIU,2004,2,25,12,18,11.16,33.46,9,1
HIU,2004,2,25,14,29,11.2,33.45,9.2,1.7
HIU,2004,5,19,8,38,16.68,33.35,7.7,0.9
HIU,2004,5,19,9,48,18.33,32.94,7.8,0.3
HIU,2004,5,19,11,0,18.33,32.91,7.8,0.2
HIU,2004,5,19,12,57,17.34,33.17,7.8,1.1
HIU,2004,5,20,9,7,18.34,31.96,8.2,1.5
HIU,2004,5,20,10,15,18.26,32.45,8,2.8
HIU,2004,5,20,11,26,18.83,32.28,7.9,1.5
HIU,2004,5,20,12,36,17.89,32.31,8.3,1
HIU,2004,5,24,10,52,18.54,31.68,8.7,0.1
HIU,2004,5,24,13,25,19.32,31.71,8.7,0.1
HIU,2004,5,24,14,14,19.74,31.32,9,0.1
HIU,2004,5,24,15,26,19.99,31.6,8.6,0.1
HIU,2004,8,23,10,57,27.76,30.7,7,0.09
HIU,2004,8,23,13,25,28.11,30.73,8.4,0.03
HIU,2004,8,23,14,14,27.86,30.08,8.2,0.08
HIU,2004,8,23,15,26,28.08,30.5,8.3,0.07
HIU,2004,8,25,9,43,27.8,29.92,6.7,0.8
HIU,2004,8,25,10,54,28.26,30.3,6.5,1.8
HIU,2004,8,25,12,23,28.74,30.95,6.9,0.9
HIU,2004,8,26,8,49,28.26,31.06,6.1,2.3
HIU,2004,8,26,10,6,28.47,30.85,6.6,0.2
HIU,2004,8,26,11,21,28.01,30.8,6.6,0.3
HIU,2004,8,26,13,6,28.6,31.2,6.4,0.6
HIU,2005,10,24,10,43,21.95,32.36,8.4,0.1
HIU,2005,10,24,13,24,22.04,32.36,8.3,0.1
HIU,2005,10,24,14,12,22.36,32.42,7.5,0.1
HIU,2005,10,24,15,31,22.35,32.43,7.7,0.1
HIU,2005,10,25,9,39,22.06,32.74,7.2,4.7
HIU,2005,10,25,10,49,22.24,32.6,7.3,2.8
HIU,2005,10,25,12,4,22.41,32.51,7.2,2.9
HIU,2005,10,25,13,21,22.16,32.57,6.9,1.4
HIU,2005,10,26,9,0,22.73,32.77,6.6,3.1
HIU,2005,10,26,10,13,22.06,32.68,7,3.5
HIU,2005,10,26,11,22,21.94,32.55,7.3,6.4
HIU,2005,10,26,13,9,22.48,32.72,7.4,5.5
HIU,2005,2,3,8,8,12.07,32.62,8.9,0.4
HIU,2005,2,3,9,1,11.27,32.33,9,0.3
HIU,2005,2,3,9,46,10.99,32.26,9.4,0.6
HIU,2005,2,3,10,34,10.7,32.17,9.8,1
HIU,2005,2,3,11,20,11.02,32.42,9.6,0.7
HIU,2005,2,3,12,7,9.52,31.76,10,2.1
HIU,2005,2,3,13,23,10.31,32.14,10,2.6
HIU,2005,2,3,14,30,11.54,32.57,9.3,0.7
HIU,2005,2,24,10,48,9.33,32.08,12.5,0.1
HIU,2005,2,24,13,26,9.08,31.99,12.4,0.13
HIU,2005,2,24,14,15,9.44,32.11,12.2,0.21
HIU,2005,2,24,15,31,8.95,31.82,12.7,0.29
HIU,2005,5,16,10,49,17.17,32.24,8.1,0.1
HIU,2005,5,16,13,25,17.58,32.31,8.2,0.1
HIU,2005,5,16,14,12,18.43,32.13,8.4,0.1
HIU,2005,5,16,15,25,18.29,32.21,8.4,0.1
HIU,2005,5,24,9,28,17.47,32.46,8.3,1.2
HIU,2005,5,24,10,35,18.93,32.4,8.4,6.8
HIU,2005,5,24,11,45,18.57,32.42,8.2,0.5
HIU,2005,5,24,12,54,18.6,32.29,7.9,0.4
HIU,2005,5,25,8,58,18.53,32.33,8.1,1.1
HIU,2005,5,25,10,7,17.17,32.58,8,0.5
HIU,2005,5,25,11,15,18.57,32.44,8,0.2
HIU,2005,5,25,13,13,16.55,32.64,7.9,1.2
HIU,2005,8,23,9,27,25.04,32.7,6.4,2.2
HIU,2005,8,23,10,34,25.98,32.56,6.5,0.8
HIU,2005,8,23,11,43,27.34,32.29,6.6,0.4
HIU,2005,8,23,12,50,26.97,32.45,6.7,0.4
HIU,2005,8,24,8,59,24.34,32.83,6.5,2
HIU,2005,8,24,10,10,25.4,32.69,6.7,0.4
HIU,2005,8,24,11,17,25.29,32.75,6.8,0.7
HIU,2005,8,24,13,14,25.18,32.74,6.8,0.8
HIU,2006,10,18,11,36,23.83,31.59,6.5,1.3
HIU,2006,10,18,12,25,23.82,31.42,6.4,2.1
HIU,2006,10,19,9,7,23.42,31.24,7,5.1
HIU,2006,10,19,10,13,23.41,31.25,6.2,4.9
HIU,2006,10,19,11,21,23.7,31.25,6.5,2.4
HIU,2006,10,19,12,26,23.83,31.38,6.7,2.3
HIU,2006,10,19,13,30,24.03,31.41,7.1,3
HIU,2006,10,19,14,30,24.14,31.41,6.7,2.1
HIU,2006,10,20,11,7,23.57,30.88,6.4,0.1
HIU,2006,10,20,13,25,23.72,30.91,7.6,0.1
HIU,2006,10,20,14,14,23.61,30.8,7.7,0.1
HIU,2006,10,20,15,29,23.65,30.87,8,0.2
HIU,2006,2,21,10,45,9.83,33.48,10,0.2
HIU,2006,2,21,13,23,9.7,33.49,10.4,0.2
HIU,2006,2,21,14,30,8.72,33.19,10.5,0.1
HIU,2006,2,21,15,45,8.63,32.95,10.9,0.2
HIU,2006,5,15,10,58,15.73,32.45,8.8,0.1
HIU,2006,5,15,13,26,15.53,32.7,8.4,0.1
HIU,2006,5,15,14,16,16.7,32.56,9,0.2
HIU,2006,5,15,15,29,16.66,32.47,8.9,0.2
HIU,2006,5,18,9,12,15.34,32.94,8.7,2.3
HIU,2006,5,18,10,7,15.33,32.59,8.7,5.1
HIU,2006,5,18,11,11,16.1,32.81,9.1,2.6
HIU,2006,5,18,12,11,15.89,32.73,8.6,1.9
HIU,2006,5,18,13,10,15.76,32.69,8.6,3.1
HIU,2006,5,18,14,54,15.36,32.95,8.5,2.5
HIU,2006,5,18,15,54,15.37,32.97,8.8,2.3
HIU,2006,5,18,16,35,15.37,32.97,8.8,2.5
HIU,2006,8,23,10,59,28.38,31.31,6.9,0.1
HIU,2006,8,23,13,24,28.5,31.32,6.8,0.1
HIU,2006,8,23,14,13,28.69,31.17,6.8,0.1
HIU,2006,8,23,15,28,27.71,31.24,7.1,0.1
HIU,2006,8,28,11,37,25.38,31.91,6.1,1.8
HIU,2006,8,28,12,19,27.59,31.47,6.8,1.7
HIU,2006,8,29,9,14,28.43,31.28,6.6,1.6
HIU,2006,8,29,10,14,29.15,31.08,7,1.8
HIU,2006,8,29,11,17,29.45,31.43,6.9,0.6
HIU,2006,8,29,12,19,28.51,31.39,7.4,1.1
HIU,2006,8,29,13,21,28.47,31.34,7.4,0.7
HIU,2006,8,29,14,23,28.58,31.38,7.1,0.6
HIU,2007,10,15,11,3,24.67,32.59,7.1,2.3
HIU,2007,10,15,13,29,24.99,32.54,7.2,1.3
HIU,2007,10,15,14,21,25.15,32.42,7.5,2
HIU,2007,10,15,15,35,25.03,32.43,7.2,2.2
HIU,2007,10,17,11,12,24.29,33.05,6.4,3.2
HIU,2007,10,17,11,55,24.37,33,6.8,2.6
HIU,2007,10,17,13,31,24.17,32.92,6.9,2.7
HIU,2007,10,17,14,15,24.49,32.9,6.8,3.1
HIU,2007,10,18,9,16,23.51,32.42,7.5,1.8
HIU,2007,10,18,10,20,24.29,32.82,6.9,2.7
HIU,2007,10,18,11,28,24.32,32.71,7.3,1.9
HIU,2007,10,18,12,36,24.38,32.92,7.1,0.8
HIU,2007,2,13,11,27,12.22,33.03,8.7,1.4
HIU,2007,2,13,12,13,11.58,32.85,9.6,4.6
HIU,2007,2,13,13,54,11.69,32.86,9.8,4.7
HIU,2007,2,13,14,57,11.53,32.76,10.4,0.6
HIU,2007,2,14,9,0,12.05,32.99,9.5,4.8
HIU,2007,2,14,9,59,11.51,32.67,10.2,4.3
HIU,2007,2,14,11,2,10.55,32.52,9.8,0.7
HIU,2007,2,14,12,1,11.31,32.77,10.2,1.2
HIU,2007,3,9,12,5,11.12,32.5,9.5,0.1
HIU,2007,3,9,14,1,11.25,32.61,9.2,0.1
HIU,2007,5,16,11,15,16.6,32.2,8.4,0.5
HIU,2007,5,16,13,27,17.45,32.06,8.5,0.5
HIU,2007,5,16,14,15,18.31,31.84,8.4,1.1
HIU,2007,5,16,15,34,18.4,31.84,8.4,0.6
HIU,2007,5,23,11,10,16.39,33.43,8,1.1
HIU,2007,5,23,11,57,17.57,33.35,8.1,0.4
HIU,2007,5,23,13,32,18.1,33.4,8,0.1
HIU,2007,5,24,9,8,17.82,33.31,8.2,0.6
HIU,2007,5,24,10,10,18.25,33.2,8.5,1.2
HIU,2007,5,24,11,18,18.49,33.21,7.9,0.6
HIU,2007,5,24,12,19,19.18,33.24,9,0.6
HIU,2007,5,24,13,18,18.14,33.32,7.9,0.2
HIU,2007,8,21,11,9,28.25,32.31,6.6,0.5
HIU,2007,8,21,13,27,29.06,32.38,6.6,0.9
HIU,2007,8,21,14,14,29.66,32.27,6.9,2.3
HIU,2007,8,21,15,30,29.8,32.36,6.6,0.7
HIU,2007,8,22,11,7,28.82,32.43,6.9,0.3
HIU,2007,8,22,11,55,26.99,32.61,6.9,0.4
HIU,2007,8,22,13,35,29.09,32.54,6.7,0.2
HIU,2007,8,23,9,2,28.89,32.43,6.7,0.8
HIU,2007,8,23,10,7,29.22,32.5,6.5,0.6
HIU,2007,8,23,11,13,29.84,32.23,6.9,0.6
HIU,2007,8,23,12,14,28.48,32.5,6.4,0.5
HIU,2007,8,23,13,14,28.35,32.55,6.6,0.3
HIU,2013,10,30,11,51,22.24,31.64,6.5,1
HIU,2013,10,30,12,40,22.26,31.62,6.9,1.3
HIU,2013,10,30,13,35,21.96,31.4,7.4,1.8
HIU,2013,10,30,14,20,21.84,31.36,7.3,1.8
HIU,2013,10,31,8,36,21.84,31.36,7.3,2.5
HIU,2013,10,31,9,48,22.05,30.95,7.3,4.1
HIU,2013,10,31,10,10,21.38,31.17,7.4,2.6
HIU,2013,10,31,10,39,20.97,30.05,8.2,2.1
HIU,2013,10,31,11,15,21.41,30.8,7.5,1.6
HIU,2013,10,31,11,27,21.56,30.48,8,4.6
HIU,2013,10,31,13,35,20.48,28.94,9.3,8.5
HIU,2013,10,31,14,40,20.05,28.81,9.2,8.3
HIU,2013,2,18,10,26,9.17,32.8,10.1,1.7
HIU,2013,2,18,11,32,9.75,32.92,10,3.7
HIU,2013,2,18,13,37,9.3,32.57,10.5,1.4
HIU,2013,2,18,14,42,8.97,32.57,10.3,1.2
HIU,2013,2,20,11,41,10.51,32.97,8.9,0.4
HIU,2013,2,20,12,31,9.99,32.89,9,0.7
HIU,2013,2,20,14,21,10.05,32.87,9,1.2
HIU,2013,2,21,8,33,9.85,32.79,9,5.1
HIU,2013,2,21,9,34,9.27,32.31,9.2,2
HIU,2013,2,21,11,22,9.4,32.78,9.2,0.8
HIU,2013,2,21,12,4,9.53,32.83,9.1,1.5
HIU,2013,2,21,13,18,9.81,32.89,9.1,1
HIU,2013,5,27,10,21,19.57,32.75,8.5,0.8
HIU,2013,5,27,11,32,19.49,32.75,8.5,1
HIU,2013,5,27,13,48,19.1,32.7,9.1,1.3
HIU,2013,5,27,14,53,20.47,32.64,8.7,1.3
HIU,2013,5,29,11,2,17.42,32.99,8.4,0.9
HIU,2013,5,29,11,46,18.3,32.9,8.3,0.8
HIU,2013,5,29,13,37,18.77,32.87,8.4,0.7
HIU,2013,5,30,8,31,20.04,32.78,8.4,0.7
HIU,2013,5,30,9,33,18.26,32.82,8.5,1.6
HIU,2013,5,30,11,11,18.89,32.72,8.7,1.7
HIU,2013,5,30,11,52,19.3,32.8,8.4,1
HIU,2013,5,30,13,4,19.15,32.77,8.4,1.4
HIU,2013,8,21,11,1,24.96,32.66,7,1.3
HIU,2013,8,21,11,46,28.21,32.17,7.4,0.6
HIU,2013,8,21,13,30,29.85,32.08,7.1,0.2
HIU,2013,8,22,8,26,29.39,32.1,7.2,0.3
HIU,2013,8,22,9,26,29.73,32.09,7.1,0.7
HIU,2013,8,22,11,6,30.35,32.26,7,0.3
HIU,2013,8,22,11,49,29.8,32.06,7.4,0.4
HIU,2013,8,22,12,54,29.87,32.11,7.3,3.4
HIU,2013,8,26,10,25,26.47,32.14,6.7,1
HIU,2013,8,26,11,30,27.35,32.02,6.7,0.4
HIU,2013,8,26,13,35,28.49,31.71,6.4,0.2
HIU,2013,8,26,14,40,28.67,31.78,6.4,0.3
HIU,2014,08,22,10,16,27.994,31.132,10.751,2.9
HIU,2014,08,22,11,22,27.481,30.967,10.85,2.3
HIU,2014,08,22,13,38,27.283,30.997,9.629,2
HIU,2014,08,22,14,38,27.427,30.603,10.165,0.7
HIU,2014,10,24,10,6,22.029,30.709,6.873,1.2
HIU,2014,10,24,11,14,21.912,30.551,7.331,0.9
HIU,2014,10,24,13,35,22.533,30.606,7.753,2
HIU,2014,10,24,14,35,22.493,30.753,6.557,1
HIU,2014,10,29,10,57,21.874,31.421,6.56,1.2
HIU,2014,10,29,11,45,21.806,31.274,6.705,1.6
HIU,2014,10,29,13,33,21.937,31.156,6.834,2
HIU,2014,10,30,8,40,21.138,30.672,7.343,2.6
HIU,2014,10,30,9,49,21.568,30.906,6.665,2.2
HIU,2014,10,30,11,43,21.678,30.875,7.06,2.6
HIU,2014,10,30,12,50,21.693,30.742,7.082,2
HIU,2014,10,30,14,5,21.534,30.851,7.415,3.3
HIU,2014,2,19,11,44,9.747,33.054,9.766,1.7
HIU,2014,2,19,12,41,8.821,32.906,9.985,1.1
HIU,2014,2,19,13,32,9.341,33.022,9.992,1.1
HIU,2014,2,19,14,12,8.823,32.833,10.177,1.1
HIU,2014,2,19,14,54,9.934,33.086,9.506,1.6
HIU,2014,2,20,9,41,8.853,32.92,10.1,1.2
HIU,2014,2,20,11,21,8.869,32.908,9.866,0.9
HIU,2014,2,20,12,2,8.706,32.848,9.757,1
HIU,2014,2,28,10,15,8.86,32.799,9.006,0.4
HIU,2014,2,28,11,15,8.886,32.767,9.244,0.4
HIU,2014,2,28,13,35,9.758,32.881,9.768,0.2
HIU,2014,2,28,14,35,9.382,32.736,9.362,0.1
HIU,2014,5,23,10,30,17.087,32.794,8.733,0.6
HIU,2014,5,23,11,34,17.746,32.938,8.628,0.8
HIU,2014,5,23,13,40,19.668,32.57,9.043,1.2
HIU,2014,5,23,14,41,18.296,32.735,9.217,1
HIU,2014,5,28,11,24,16.333,33.082,8.54,1
HIU,2014,5,28,12,12,17.338,32.942,8.697,1.2
HIU,2014,5,28,13,57,18.291,32.916,8.849,1
HIU,2014,5,29,8,27,20.162,32.599,10.03,4.3
HIU,2014,5,29,9,31,19.473,32.767,9.075,2
HIU,2014,5,29,11,15,19.938,32.736,9.461,2.2
HIU,2014,5,29,11,55,19.707,32.727,9.019,1.5
HIU,2014,5,29,12,59,19.51,32.813,8.994,1.3
HIU,2014,8,27,11,5,25.285,31.782,6.45,1.4
HIU,2014,8,27,11,52,26.656,31.328,6.984,2.8
HIU,2014,8,27,14,14,27.717,31.037,8.904,3.8
HIU,2014,8,28,8,36,27.592,30.388,8.145,2.2
HIU,2014,8,28,9,35,27.327,30.643,7.986,3.3
HIU,2014,8,28,14,4,27.985,30.409,9.872,1.6
HIU,2014,8,28,14,45,27.174,31.05,8.112,1.5
HIU,2014,8,28,15,25,27.041,30.998,8.07,1.6
HIU,2015,10,28,10,20,21.96,32.386,6.677,0.8
HIU,2015,10,28,11,7,21.922,32.124,6.858,1.4
HIU,2015,10,28,12,50,21.951,32.056,6.919,1.5
HIU,2015,10,29,8,20,21.291,31.948,7.297,3
HIU,2015,10,29,9,30,21.608,31.935,7.017,1.9
HIU,2015,10,29,11,18,21.661,31.861,7.551,2.9
HIU,2015,10,29,12,10,21.386,31.824,7.379,4.3
HIU,2015,10,29,13,30,21.728,32.107,7.1,1.9
HIU,2015,2,23,10,18,9.515,32.599,9.581,2
HIU,2015,2,23,11,22,9.772,32.676,9.711,2.7
HIU,2015,2,23,13,41,8.853,32.161,9.634,1.7
HIU,2015,2,23,14,45,9.003,32.097,9.808,1.5
HIU,2015,3,4,10,58,10.468,32.991,9.249,1.8
HIU,2015,3,4,11,38,10.226,32.811,9.504,2.8
HIU,2015,3,4,13,22,10.109,32.777,9.724,3.4
HIU,2015,3,4,14,5,10.388,32.832,10.175,3.1
HIU,2015,3,5,9,28,9.806,32.427,9.611,4.6
HIU,2015,3,5,11,0,9.815,32.565,9.665,1.9
HIU,2015,3,5,11,38,9.685,32.613,9.638,1.3
HIU,2015,3,5,12,39,10.246,32.77,9.933,1.6
HIU,2015,5,28,10,26,21.043,32.061,9.497,0.4
HIU,2015,5,28,11,34,20.443,32.338,9.609,0.4
HIU,2015,5,28,13,39,21.603,32.157,9.898,0.8
HIU,2015,5,28,14,39,22.086,31.949,10.327,0.9
HIU,2015,6,2,10,40,17.28,32.814,8.414,1
HIU,2015,6,2,11,25,19.511,32.471,8.475,1
HIU,2015,8,26,10,42,26.106,32.013,6.652,0.7
HIU,2015,8,26,11,47,26.49,31.806,5.974,0.8
HIU,2015,8,26,13,36,25.93,31.785,5.825,1.1
HIU,2015,8,26,14,37,26.458,31.899,6.415,0.5
HIU,2015,9,2,11,0,25.341,32.022,7.208,2.6
HIU,2015,9,2,12,50,25.523,31.94,7.265,2
HIU,2015,9,2,14,0,24.395,32.313,6.544,1.4
HIU,2015,9,3,8,33,25.629,30.993,7.368,5
HIU,2015,9,3,9,32,25.814,31.541,7.261,3.3
HIU,2015,9,3,11,0,26.019,30.994,8.328,3
HIU,2015,9,3,11,45,26.175,31.798,7.378,1.3
HIU,2015,9,3,12,32,26.125,31.768,7.78,1.9
HIU,2017,10,24,9,57,21.57,31.87,6.7,1.2
HIU,2017,10,24,10,57,20.44,29.9,7.1,1.3
HIU,2017,10,24,13,21,21.53,30.49,7,1.4
HIU,2017,10,24,14,21,22.03,31.97,6.3,1.2
HIU,2017,10,25,11,0,21.84,32.01,6.7,0.5
HIU,2017,10,25,11,43,21.58,31.79,6.7,1.2
HIU,2017,10,25,12,43,21.44,31.79,6.8,0.8
HIU,2017,10,25,13,27,20.21,29.17,8,3.4
HIU,2017,10,25,14,23,21.39,30.65,7.2,1.5
HIU,2017,10,26,9,39,21.19,30.73,6.6,2.1
HIU,2017,10,26,10,31,20.66,30.97,7.7,3.6
HIU,2017,10,26,11,20,20.46,30.37,7.7,2.3
HIU,2017,2,21,10,26,11.06,32.83,8.8,2.1
HIU,2017,2,21,11,35,10.88,32.77,9.4,2.3
HIU,2017,2,21,13,42,9.88,32.28,9.2,2
HIU,2017,2,21,14,42,10.25,32.53,9,0.8
HIU,2017,2,27,10,50,11.17,32.92,9.3,1.1
HIU,2017,2,27,12,35,10.77,32.81,9.7,1
HIU,2017,2,27,13,42,11.59,33.04,9,2.3
HIU,2017,2,28,8,50,10.4,32.42,10,3.9
HIU,2017,2,28,9,47,10.76,32.72,10.1,4.3
HIU,2017,2,28,11,24,10.58,32.63,9.4,0.5
HIU,2017,2,28,12,5,10.58,32.79,9.9,1.2
HIU,2017,2,28,13,10,11.2,32.91,10,2.3
HIU,2017,5,22,10,23,19.36,32.79,8.6,1.3
HIU,2017,5,22,11,28,19.91,32.84,8.5,1.2
HIU,2017,5,22,13,36,20.84,32.45,9.6,2.7
HIU,2017,5,22,14,36,21.87,32.65,9.3,2.3
HIU,2017,5,29,10,32,17.34,33.01,8.2,1.4
HIU,2017,5,29,11,13,18.19,32.92,8.2,0.9
HIU,2017,5,29,12,55,20.15,32.6,8.6,1.3
HIU,2017,5,30,8,48,20.79,32.48,8.7,2.1
HIU,2017,5,30,9,53,21.4,32.62,8.6,1.4
HIU,2017,5,30,11,35,22.09,32.76,8.6,1.3
HIU,2017,5,30,12,16,20.27,32.71,8.8,1.3
HIU,2017,5,30,13,19,21.03,32.71,8.8,0.9
HIU,2017,8,23,10,33,26.3,32.71,6.3,1.7
HIU,2017,8,23,11,17,27.92,32.53,6.9,2.4
HIU,2017,8,23,13,4,29.03,32.41,7.3,0.9
HIU,2017,8,24,8,45,29.28,32.43,6.9,0.8
HIU,2017,8,24,9,49,29.32,32.44,6.9,0.5
HIU,2017,8,24,11,29,29.73,32.36,7.4,1.4
HIU,2017,8,24,12,14,29.05,32.26,7.7,1.2
HIU,2017,8,24,13,24,28.65,32.44,7.3,1.2
HIU,2017,8,25,10,4,28.97,32.09,7.5,1.7
HIU,2017,8,25,11,9,28.89,32.27,7.3,1.3
HIU,2017,8,25,13,33,30.57,32.35,7.6,2
HIU,2017,8,25,14,32,30.44,32.19,7.5,1
HIU,2019,10,30,10,7,22.52,31.88,6.52,0.8
HIU,2019,10,30,11,14,22.72,31.88,6.74,2.6
HIU,2019,10,30,13,24,22.78,31.85,6.72,1.2
HIU,2019,10,30,14,26,22.84,31.86,6.59,1.8
HIU,2019,11,0,8,52,21.14,31.95,7.4,4.1
HIU,2019,11,0,9,59,21.52,32.04,7.16,3.2
HIU,2019,11,0,10,55,22.3,32.32,6.6,0.6
HIU,2019,11,0,11,10,21.64,31.97,7.01,1.8
HIU,2019,11,0,11,40,22.06,32.22,6.71,0.7
HIU,2019,11,0,12,17,21.66,32.1,7.68,2.6
HIU,2019,11,0,13,20,22.14,32.19,6.96,1.2
HIU,2019,11,0,13,28,21.57,32.09,7.54,3.1
HIU,2019,2,20,10,20,11.53,32.87,8.96,0.5
HIU,2019,2,20,11,1,11.32,32.78,9.07,0.6
HIU,2019,2,20,12,48,11.05,32.69,9.43,1
HIU,2019,2,21,8,50,10.79,32.54,9.66,1.5
HIU,2019,2,21,9,52,10.64,32.33,9.82,1.2
HIU,2019,2,21,10,4,10.23,32.47,8.82,2
HIU,2019,2,21,10,56,10.7,32.48,9.72,0.4
HIU,2019,2,21,11,8,10.31,32.51,8.9,0.4
HIU,2019,2,21,11,56,10.33,32.51,9.52,0.3
HIU,2019,2,21,13,0,10.92,32.65,9.59,0.4
HIU,2019,2,21,13,28,10.7,32.43,9.09,0.3
HIU,2019,2,21,14,33,10.5,32.33,9.26,2.9
HIU,2019,5,22,9,54,18.6,32.4,8.21,1.4
HIU,2019,5,29,11,2,18.03,32.76,8.16,1
HIU,2019,5,29,11,49,18.92,32.63,8.24,0.6
HIU,2019,5,29,13,41,19.99,32.37,8.54,0.8
HIU,2019,5,30,8,45,20.09,32.45,8.57,0.7
HIU,2019,5,30,9,52,20.63,32.24,8.19,0.6
HIU,2019,5,30,11,0,20.91,32.35,8.69,0.8
HIU,2019,5,30,12,0,20.32,32.3,8.78,0.7
HIU,2019,5,30,13,4,19.92,32.45,8.31,0.7
HIU,2020,10,19,9,55,22.93,30.95,7.72,3.3
HIU,2020,10,19,11,0,23.26,30.83,6.93,2.9
HIU,2020,10,19,11,42,23.4,30.9,6.3,3.3
HIU,2020,10,19,14,3,23.27,30.82,7.28,2
HIU,2020,11,9,11,7,21.02,31.72,6.8,0.8
HIU,2020,11,9,11,53,20.92,31.47,7.05,1
HIU,2020,11,9,13,36,21.17,31.37,7.15,0.9
HIU,2020,11,10,9,9,19.81,30.99,7.05,2.8
HIU,2020,11,10,10,20,20.12,31.03,7.01,1.1
HIU,2020,11,10,12,6,20.02,30.95,7.36,1.8
HIU,2020,11,10,12,54,19.96,31.03,7.14,1.7
HIU,2020,11,10,14,9,20.07,31.23,7.24,1.6
HIU,2020,2,19,11,1,12.15,33.01,8.54,0.7
HIU,2020,2,19,11,47,11.73,32.92,8.72,1.2
HIU,2020,2,19,13,30,11.83,32.95,8.86,1.6
HIU,2020,2,20,8,46,11.78,32.97,8.77,1.9
HIU,2020,2,20,9,47,10.87,32.4,9.25,2.5
HIU,2020,2,20,10,50,10.54,32.59,9.24,2.6
HIU,2020,2,20,11,47,10.77,32.67,9.16,1.5
HIU,2020,2,20,12,48,11.76,32.91,8.88,1.1
HIU,2020,2,21,10,8,10.37,32.68,8.44,1
HIU,2020,2,21,11,10,11.3,32.89,8.38,1.1
HIU,2020,2,21,13,20,10.82,32.81,8.56,1.3
HIU,2020,2,21,14,23,10.35,32.59,8.67,2.3
HIU,2020,6,3,10,56,18.02,32.69,8.01,1.3
HIU,2020,6,3,11,45,19.27,32.3,8.19,1.6
HIU,2020,6,3,13,30,20.71,32.3,8.46,1.1
HIU,2020,6,4,8,54,20.77,32.35,8.3,1.7
HIU,2020,6,4,9,54,21.84,32.22,9.35,3.2
HIU,2020,6,4,11,31,21.89,32.18,8.7,1.5
HIU,2020,6,4,12,10,21.28,32.05,8.39,1
HIU,2020,6,4,13,11,20.33,32.15,8.43,2
HIU,2020,6,8,9,55,21.54,32.2,7.95,0.5
HIU,2020,6,8,10,57,22.08,32.2,8.21,0.4
HIU,2020,6,8,11,36,23.78,32.29,8.19,0.8
HIU,2020,6,8,14,3,22.58,32.18,8.35,0.6
HIU,2020,8,19,11,8,25.32,31.36,6.26,1.1
HIU,2020,8,19,11,54,27.53,30.91,7.47,1.6
HIU,2020,8,19,13,53,31.08,30.48,7.97,0.4
HIU,2020,8,20,8,56,30.68,30.43,7.93,0.5
HIU,2020,8,20,9,55,29.94,30.51,8.28,1.2
HIU,2020,8,20,11,49,31.53,30.41,8.06,0.3
HIU,2020,8,20,12,29,29.49,30.52,8.49,0.8
HIU,2020,8,20,13,30,29.09,30.75,7.93,0.6
HIU,2020,8,26,9,58,28.62,30.66,5.75,1.7
HIU,2020,8,26,10,59,29.08,30.65,6.91,1.3
HIU,2020,8,26,11,38,29.72,30.45,7.54,0.7
HIU,2020,8,26,14,4,30.33,30.6,7.47,1
HIU,2021,10,20,10,42,24.356,31.426,6.305,1.8
HIU,2021,10,20,11,30,24.447,30.846,6.618,2.2
HIU,2021,10,20,13,16,24.684,30.722,6.602,2.5
HIU,2021,10,21,8,56,23.671,30.586,6.916,4.2
HIU,2021,10,21,10,11,23.96,30.57,6.641,4.1
HIU,2021,10,21,12,4,24.151,30.467,6.565,3.5
HIU,2021,10,21,12,53,23.94,30.537,7.086,3.7
HIU,2021,10,21,14,9,23.916,30.585,7.249,3.3
HIU,2021,2,24,11,0,11.346,32.969,9.405,2
HIU,2021,2,24,11,49,10.649,32.695,9.693,3
HIU,2021,2,24,13,36,10.849,32.728,9.982,1.4
HIU,2021,2,25,8,56,11.126,32.857,9.919,3
HIU,2021,2,25,9,58,10.748,32.749,9.792,2.7
HIU,2021,2,25,10,9,10.871,32.799,8.846,1.8
HIU,2021,2,25,11,3,10.354,32.543,10.091,2.8
HIU,2021,2,25,11,13,10.563,32.691,8.893,1.2
HIU,2021,2,25,12,2,10.437,32.584,9.821,2.5
HIU,2021,2,25,13,5,10.712,32.705,9.851,1.5
HIU,2021,2,25,13,31,10.479,32.491,9.397,1.4
HIU,2021,2,25,14,33,10.231,32.536,9.116,0.9
HIU,2021,5,20,10,11,18.569,31.992,8.457,3.3
HIU,2021,5,20,11,16,19.057,32.171,8.519,4.1
HIU,2021,5,20,13,31,18.935,32.212,8.552,9.2
HIU,2021,5,20,14,35,18.791,32.258,8.844,4.2
HIU,2021,6,2,11,25,18.624,32.409,8.59,1.6
HIU,2021,6,2,12,13,18.375,32.42,8.451,1.1
HIU,2021,6,2,13,57,19.78,32.332,9.187,1
HIU,2021,6,3,9,3,20.589,31.946,9.019,1.6
HIU,2021,6,3,10,10,21.326,31.936,9.467,2.4
HIU,2021,6,3,11,19,19.809,32.055,9.088,2
HIU,2021,6,3,12,17,20.785,31.92,9.589,2.2
HIU,2021,6,3,13,19,19.928,32.222,8.563,1.5
HIU,2021,9,7,10,0,27.484,30.145,7.315,1.2
HIU,2021,9,7,11,3,27.473,30.199,7.296,1.5
HIU,2021,9,7,11,45,27.7,30.267,7.471,1.8
HIU,2021,9,7,14,6,28.117,29.738,8.498,2.1
HIU,2022,10,13,10,40,24.16,32.32,6.59,1.8
HIU,2022,10,13,11,25,24.25,32.06,7.41,5.5
HIU,2022,10,13,13,8,24.45,31.98,7.63,5.4
HIU,2022,10,14,8,55,23.17,31.36,8.41,11
HIU,2022,10,14,10,0,23.95,31.63,7.35,6.1
HIU,2022,10,14,11,22,24.01,31.61,7.48,5.3
HIU,2022,10,14,12,45,24.22,31.95,7.81,2.1
HIU,2022,10,14,13,58,23.98,31.96,8.28,4.6
HIU,2022,2,18,10,5,8.87,32.31,8.73,1.2
HIU,2022,2,18,11,4,8.96,32.33,8.76,1.4
HIU,2022,2,18,11,42,9.35,32.41,8.75,1.5
HIU,2022,2,18,14,0,9.03,32.28,8.88,1.7
HIU,2022,5,18,10,4,17.76,32.05,8.6,0.8
HIU,2022,5,18,11,7,17.8,32.04,8.64,1
HIU,2022,5,18,11,45,18.9,31.71,9.11,0.4
HIU,2022,5,18,13,59,18.59,31.76,9.07,0.2
HIU,2022,8,24,11,42,29.52,31.81,6.59,0.9
HIU,2022,8,24,12,33,29.26,31.84,6.5,1.8
HIU,2022,8,24,14,20,29.63,31.88,6.74,0.6
HIU,2022,8,25,8,53,29.69,31.74,6.86,0.6
HIU,2022,8,25,9,57,29.75,31.72,6.38,0.8
HIU,2022,8,25,11,10,29.75,31.78,6.74,0.8
HIU,2022,8,25,12,15,29.27,31.9,6.83,4
HIU,2022,8,25,13,22,28.88,31.9,6.78,1.7
